[
  {
    "id": 1,
    "yomifuda": "秋の田の　かりほの庵の　苫をあらみ",
    "torifuda": "わが衣手は　露にぬれつつ"
  },
  {
    "id": 2,
    "yomifuda": "春過ぎて　夏来にけらし　白妙の",
    "torifuda": "衣ほすてふ　天の香具山"
  },
  {
    "id": 3,
    "yomifuda": "あしびきの　山鳥の尾の　しだり尾の",
    "torifuda": "ながながし夜を　ひとりかも寝む"
  },
  {
    "id": 4,
    "yomifuda": "田子の浦に　うち出でて見れば　白妙の",
    "torifuda": "富士の高嶺に　雪は降りつつ"
  },
  {
    "id": 5,
    "yomifuda": "奥山に　紅葉踏み分け　鳴く鹿の",
    "torifuda": "声聞く時ぞ　秋は悲しき"
  },
  {
    "id": 100,
    "yomifuda": "百敷や　古き軒端の　しのぶにも",
    "torifuda": "なほあまりある　昔なりけり"
  }
]